{
  "1":{
    "35": "comp_1",
    "36": "comp_1",
    "37": "comp_1",
    "38": "comp_2",
    "40": "comp_2",
    "41": "comp_2",
    "42": "comp_2",
    "43": "comp_2",
    "45": "comp_1",
    "46": "comp_1",
    "47": "comp_1",
    "48": "comp_3",
    "50": "comp_3",
    "51": "comp_3",
    "60": "comp_3",
    "62": "comp_1",
    "64": "comp_1",
    "65": "comp_4",
    "Master": "comp_2"
  },
  "2":{
    "35": "comp_2",
    "36": "comp_2",
    "37": "comp_2",
    "38": "comp_2",
    "40": "comp_2",
    "41": "comp_2",
    "42": "comp_2",
    "43": "comp_1",
    "45": "comp_1",
    "46": "comp_1",
    "47": "comp_1",
    "48": "comp_1",
    "50": "comp_1",
    "51": "comp_3",
    "60": "comp_3",
    "62": "comp_3",
    "64": "comp_3",
    "65": "comp_3"
  },
  "3":{
    "35": "comp_4",
    "36": "comp_4",
    "37": "comp_4",
    "38": "comp_2",
    "40": "comp_2",
    "41": "comp_2",
    "42": "comp_2",
    "43": "comp_4",
    "45": "comp_4",
    "46": "comp_4",
    "47": "comp_3",
    "48": "comp_3",
    "50": "comp_3",
    "51": "comp_3",
    "60": "comp_4",
    "62": "comp_4",
    "64": "comp_1",
    "65": "comp_4",
    "Master": "comp_4"
  },
  "4":{
    "35": "comp_3",
    "36": "comp_3",
    "37": "comp_3",
    "38": "comp_3",
    "40": "comp_1",
    "41": "comp_1",
    "42": "comp_2",
    "43": "comp_2",
    "45": "comp_1",
    "46": "comp_3",
    "47": "comp_3",
    "48": "comp_3",
    "50": "comp_4",
    "51": "comp_4",
    "60": "comp_4",
    "62": "comp_3",
    "64": "comp_3",
    "65": "comp_3"
  }
}
