{
    "35": "assets/audio/BD2.caf",
    "36": "assets/audio/BD1.caf",
    "37": "assets/audio/RS.caf",
    "38": "assets/audio/SD1.caf",
    "40": "assets/audio/SD2.caf",
    "41": "assets/audio/T1.caf",
    "42": "assets/audio/HH1.caf",
    "43": "assets/audio/T2.caf",
    "45": "assets/audio/T3.caf",
    "46": "assets/audio/OH.caf",
    "47": "assets/audio/P1.caf",
    "48": "assets/audio/P2.caf",
    "50": "assets/audio/P3.caf",
    "51": "assets/audio/S1.caf",
    "60": "assets/audio/BASS.caf",
    "62": "assets/audio/MIDS.caf",
    "64": "assets/audio/LEADS.caf",
    "65": "assets/audio/FX.caf"
}
