{
    "35": "assets/audio3/BD2.caf",
    "36": "assets/audio3/BD1.caf",
    "37": "assets/audio3/RS.caf",
    "38": "assets/audio3/SD1.caf",
    "40": "assets/audio3/SD2.caf",
    "41": "assets/audio3/T1.caf",
    "42": "assets/audio3/HH1.caf",
    "43": "assets/audio3/T2.caf",
    "45": "assets/audio3/T3.caf",
    "46": "assets/audio3/OH.caf",
    "47": "assets/audio3/P1.caf",
    "48": "assets/audio3/P2.caf",
    "50": "assets/audio3/P3.caf",
    "51": "assets/audio3/S1.caf",
    "60": "assets/audio3/BASS.caf",
    "62": "assets/audio3/MIDS.caf",
    "64": "assets/audio3/LEADS.caf",
    "65": "assets/audio3/FX.caf"
}
