{
  "1":{
    "35": "-5",
    "36": "-3",
    "37": "-3",
    "38": "-3",
    "40": "-3",
    "41": "-3",
    "42": "-3",
    "43": "-3",
    "45": "-3",
    "46": "-3",
    "47": "-3",
    "48": "-6",
    "50": "-6",
    "51": "-6",
    "60": "-6",
    "62": "-6",
    "64": "-6",
    "65": "-6"
  },
  "2":{
    "35": "-2",
    "36": "-2",
    "37": "-2",
    "38": "-2",
    "40": "-2",
    "41": "-2",
    "42": "-2",
    "43": "-2",
    "45": "-2",
    "46": "-2",
    "47": "-5",
    "48": "-5",
    "50": "-5",
    "51": "-5",
    "60": "-5",
    "62": "-5",
    "64": "-5",
    "65": "-5"
  },
  "3":{
    "35": "-4",
    "36": "-4",
    "37": "-4",
    "38": "-4",
    "40": "-4",
    "41": "-4",
    "42": "-4",
    "43": "-4",
    "45": "-1",
    "46": "-1",
    "47": "-1",
    "48": "-1",
    "50": "-1",
    "51": "-1",
    "60": "-1",
    "62": "-1",
    "64": "-1",
    "65": "-1"
  },
  "4":{
    "35": "-6",
    "36": "-6",
    "37": "-6",
    "38": "-6",
    "40": "-6",
    "41": "-6",
    "42": "-6",
    "43": "-6",
    "45": "-6",
    "46": "-6",
    "47": "-4",
    "48": "-4",
    "50": "-4",
    "51": "-4",
    "60": "-4",
    "62": "-4",
    "64": "-4",
    "65": "-4"
  }
}
